{
  "SISDR": -2.6624369248747826,
  "PESQ": 1.0239527821540833
}