{
  "SISDR": -4.871664047241211,
  "PESQ": 1.0335185527801514
}